sku;size
4690125;0
4690197;0
9098451;55-59
3467822;55-61
337265;0
17396129;55-59
17396116;55-59
17396112;55-61
17396105;55-59
17396079;55-59
17396027;55-59
17396025;55-59
16942378;55-61
10614406;55-61
10614407;55-61
14557730;55-61
7027817;55-61
7027810;55-61
7027806;55-61
15484290;XL
74344134;55-61
41823598;55-61
30466237;55-61
30466237;55-61
18382974;55-61
12051773;55-61
9498362;55-61
7726763;55-61
6413364;L/XL
5600776;55-61
4690046;55-61
2091634;55-61
1676084;55-61
930159;55-61
843454;0
8955759;55-61
22259834;M
22259838;M
15484291;M
15484284;55-61
15484286;55-61
16942385;55-61
16942383;55-61
16942382;55-61
16942380;55-61
16942377;55-61
14190965;M
9808269;55-61
9808266;55-61
7027821;55-61
7027818;55-61
7027813;55-61
16942386;55-61
16942375;55-61
16942374;55-61
10615288;55-61
15484290;S
6944563;55-59
9097658;55-59
6944560;55-59
9097639;52-54
4690150;0
4690073;0
3386247;55-61
3386260;55-61
1721329;0
1721181;0
1721168;0
17396154;55-59
17396152;55-59
17396127;55-59
17396085;55-61
15484283;55-61
7027816;55-61
7027814;55-61
10615087;55-61
10615291;55-61
7027807;55-61
17396026;55-59
3386237;55-61
8949712;55-59
3467791;55-61
3467790;55-61
3467787;0
1721192;0
17396155;55-59
17396124;55-59
17396093;55-61
17396081;55-59
17396070;55-59
17396043;55-59
17396029;55-59
16942384;55-61
16942381;55-61
7027822;55-61
4690186;0
9097634;55-59
4690153;0
4690027;0
9098457;55-61
4690224;0
9098470;55-59
9097687;52-54
9097666;55-59
9097664;55-59
9097661;55-59
9097659;55-59
4690221;0
9097640;52-54
9097638;52-54
9097637;55-59
9097636;55-59
4690166;0
4690208;0
4690024;0
4690182;0
4690124;0
3467771;55-61
3386254;55-61
3386238;55-61
3386236;55-61
3467810;0
3427833;0
3467821;55-61
3467813;0
3467788;0
2477161;0
3518234;55-61
1721253;0
37029929;55-61
14557737;55-61
14557743;55-61
14557740;55-61
17396153;55-59
17396151;55-59
17396150;55-59
17396128;55-59
17396123;55-59
17396117;55-59
17396113;55-61
17396104;55-59
17396103;55-59
17396107;55-59
17396106;55-59
17396099;55-59
17396098;55-59
17396092;55-61
17396121;55-59
17396090;55-61
17396096;55-61
17396091;55-61
17396089;55-61
17396086;55-61
17396083;55-61
17396084;55-61
17396080;55-59
17396078;55-59
17396077;55-61
17396076;55-61
17396068;55-59
17396065;55-59
17396066;55-59
17396063;55-61
17396061;55-61
17396062;55-61
17396059;55-59
17396060;55-59
17396058;55-61
17396056;55-59
17396055;55-59
17396126;55-59
17396030;55-59
17396035;55-61
17396032;55-61
17396034;55-61
17396051;55-59
17396054;55-61
17396053;55-61
17396057;55-59
12051774;55-61
12051461;55-61
5600756;55-61
5600760;55-61
30466186;55-61
6413362;55-61
9498360;55-61
9498378;55-61
12051463;55-61
12051754;55-61
12051759;55-61
5600754;55-61
30466201;55-61
12051763;55-61
18382970;55-61
22259773;55-61
9500419;55-61
30466197;55-61
18382964;55-61
30466203;55-61
30466235;55-61
30466233;55-61
22259711;55-61
30466191;55-61
64847021;55-61
5600753;55-61
4690162;55-61
3897239;55-61
3897237;55-61
3330152;55-61
2392057;0
4199812;55-61
4199812;55-61
12314501;55-61
1946039;0
930158;55-61
30466198;55-61
7726760;M
74344150;55-61
74344145;55-61
74344135;55-61
74344133;55-61
31257764;55-61
31257753;55-61
31257743;55-61
31257726;55-61
31257719;55-61
31257712;55-61
22259788;55-61
22259787;55-61
22259786;55-61
22259785;55-61
22259784;55-61
22259783;55-61
22259782;55-61
22259781;55-61
22259779;55-61
22259778;55-61
22259774;55-61
12051760;55-61
22259772;55-61
22259771;55-61
22259770;55-61
22259768;55-61
22259813;55-61
12051775;55-61
22259815;55-61
22259811;55-61
22259809;55-61
22259808;55-61
22259807;55-61
22259758;55-61
22259743;55-61
22259717;55-61
22259719;55-61
22259765;55-61
22259738;55-61
22259716;55-61
22259745;55-61
22259702;55-61
22259704;55-61
22259764;55-61
22259721;55-61
22259720;55-61
22259737;55-61
22259707;55-61
22259703;55-61
22259742;55-61
22259731;55-61
22259710;55-61
22259749;55-61
22259748;55-61
22259747;55-61
22259746;55-61
22259730;55-61
22259750;55-61
22259761;55-61
22259727;55-61
30466255;55-61
22259826;55-61
22259822;55-61
22259820;55-61
22259821;55-61
22259762;55-61
22259763;55-61
22259767;55-61
22259766;55-61
22259709;55-61
22259752;55-61
22259726;55-61
22259725;55-61
22259713;55-61
22259712;55-61
22259723;55-61
22259705;55-61
22259706;55-61
22259740;55-61
22259741;55-61
22259708;55-61
22259701;55-61
22259714;55-61
74344338;55-61
74344339;55-61
64847095;55-61
31257864;55-61
45456968;55-61
30466194;55-61
12051766;55-61
12051764;55-61
12051768;55-61
30466196;55-61
5600762;55-61
5600762;55-61
5600762;55-61
30466189;55-61
843453;55-61
843453;55-61
22259818;55-61
30466207;55-61
74344394;S/M
74344329;55-61
41834564;55-61
22259733;55-61
78844560;55-61
74344354;S/M
74344394;L/XL
74344332;55-61
64846926;55-61
7726385;55-61
6413364;S/M
3330154;55-61
12051466;55-61
74344155;55-61
31257730;55-61
31257725;55-61
22259769;55-61
22259804;55-61
22259734;55-61
22259696;55-61
74344360;55-61
74343927;55-61
74344517;55-61
74344518;55-61
74344516;55-61
74344428;S/M
78844564;L/XL
78844564;S/M
78844567;L/XL
78844562;S/M
74344345;55-61
74344328;55-61
74344327;55-61
74351539;55-61
74344325;55-61
64847018;55-61
6413365;55-61
30466229;55-61
30466251;55-61
30466251;55-61
30466247;55-61
30466249;55-61
64846942;55-61
31257767;55-61
22259780;55-61
22259722;55-61
3467827;on size
3386251;55-61
10615290;55-61
8955784;55-61
14557741;55-61
22259833;M
64501148;55-61
64847031;55-61
74344778;55-61
18382967;55-61
22259832;55-61
31257708;55-61
9808274;55-61
17396075;55-59
3386252;55-61
3386234;0
74344343;55-61
9098464;55-59
3427823;0
15484290;XXL
3386204;0
31257716;55-61
16942376;55-61
14190965;XXL
9806088;55-61
930158;0
